{
    "date_created": "2024-11-23 14:12:01",
    "epochs_trained": 0,
    "best_accuracy": 0.9288407163053722,
    "current_accuracy": 0,
    "last_trained": null,
    "overall_accuracy": 65.88863636363637,
    "accuracy_over_5dB": 91.90581789720845,
    "accuracy_per_snr": {
        "-20.0": 8.574091332712023,
        "-18.0": 10.022675736961451,
        "-16.0": 15.024304021210783,
        "-14.0": 21.332133213321335,
        "-12.0": 29.244001810774105,
        "-10.0": 40.582959641255606,
        "-8.0": 54.26008968609865,
        "-6.0": 65.86253982703687,
        "-4.0": 77.56030951297224,
        "-2.0": 85.20900321543408,
        "0.0": 88.31168831168831,
        "2.0": 90.57377049180327,
        "4.0": 90.22321428571428,
        "6.0": 92.88407163053722,
        "8.0": 91.70105456212745,
        "10.0": 92.66756635177687,
        "12.0": 92.60611592879964,
        "14.0": 90.72615923009624,
        "16.0": 90.91322126306225,
        "18.0": 91.9172932330827
    },
    "peak_snr": 6.0
}