{
    "date_created": "2024-11-23 14:12:01",
    "epochs_trained": 0,
    "best_accuracy": 0.9288407163053722,
    "current_accuracy": 0.6639318466186523,
    "last_trained": null,
    "overall_accuracy": 65.96136363636363,
    "accuracy_over_5dB": 92.00365249152101,
    "accuracy_per_snr": {
        "-20.0": 8.527493010251632,
        "-18.0": 9.931972789115646,
        "-16.0": 15.112682280159081,
        "-14.0": 21.602160216021602,
        "-12.0": 28.97238569488456,
        "-10.0": 40.672645739910315,
        "-8.0": 54.48430493273543,
        "-6.0": 65.72598998634501,
        "-4.0": 77.65134274010013,
        "-2.0": 85.34680753330271,
        "0.0": 88.40445269016698,
        "2.0": 90.7103825136612,
        "4.0": 90.40178571428571,
        "6.0": 93.11969839773798,
        "8.0": 91.83860614397065,
        "10.0": 92.89248762932974,
        "12.0": 92.69739844819716,
        "14.0": 90.94488188976378,
        "16.0": 90.73148568832349,
        "18.0": 91.8703007518797
    },
    "peak_snr": 6.0,
    "epochs_ran": 20,
    "last_run_epochs": 20,
    "peak_accuracy": 93.11969839773798
}